ID,Name,DisplayName,ContactEmail,ContactName,NCCApproved
1,Bilbo's,Bilbo's,,,
3,Adria Mobil,Adria,,,
4,Fiat,,,,
8,Elddis (EHG UK),Elddis,Emma.Hughes@erwinhymergroup.co.uk,Emma Hughes,
9,Peugeot,,,,
10,Compass (EHG UK),Compass,Emma.Hughes@erwinhymergroup.co.uk,Emma Hughes,
11,Jerba Campervans,Jerba,,,
12,Mobilvetta,Mobilvetta,,,
13,Niesmann + Bischoff,Niesmann + Bischoff,,,
15,Ford,,,,
16,Wildax,Wildax,,,
17,Citroën,,,,
21,Buccaneer (EHG UK),Buccaneer,Emma.Hughes@erwinhymergroup.co.uk,Emma Hughes,
22,Xplore (EHG UK),Xplore,Emma.Hughes@erwinhymergroup.co.uk,Emma Hughes,
25,Coachman,Coachman,,,
26,Swift Group Ltd,Swift,,,
27,SUN LIVING,SUN LIVING,,,
28,Bailey,Bailey,,,
29,Ventura Campervans,Ventura Campervans,,,
30,Barefoot Caravans,Barefoot,,,
33,Auto Campers,Auto Campers,,,
35,Trigano S A McLouis,McLouis,,,
37,Hobby,Hobby,,,
38,Bodans,Bodans,,,
40,IH Motorhomes,IH Motorhomes,,,
41,VW,,,,
43,Ecowagon,Ecowagon,,,
44,Visiontech Automotive,Visiontech Automotive,,,
45,Etrusco,Etrusco,,,
46,Morelo,Morelo,,,
48,IVECO,,,,
52,Laika,Laika,,,
53,Trigano VDL Chausson,Chausson,,,
54,Carthago,Carthago,,,
61,Auto-Trail,Auto-Trail,,,
64,Malibu,Malibu,,,
65,Bürstner,Bürstner,,,
67,Volkswagen Transporters Ltd,Volkswagen Transporters,,,
68,Bespoke NI,Bespoke,shane@bespokeni.com,Shane,
70,Rolling Homes,Rolling Homes,,,
75,Rimor,Rimor,,,
76,MOTO-TREK LIMITED,MOTO-TREK,,,
78,Reimo,Reimo,,,
79,HemBil,HemBil,,,
80,Renault,,,,
83,Globecar,Globecar,,,
84,Hillside Leisure,Hillside Leisure,,,
85,Dethleffs,Dethleffs,,,
86,HYMER,Hymer,,,
88,Vantage,Vantage,,,
92,Carado,Carado,,,
94,Mercedes,,,,
96,Knaus Tabbert AG Knaus,Knaus,,,
101,Devon,Devon,,,
103,Joa Camp,Joa Camp,,,
104,Le Voyageur,Le Voyageur,,,
105,Pilote,Pilote,,,
111,Frankia,Frankia,,,
112,Knaus Tabbert AG Weinsberg,Weinsberg,,,
123,MAN,,,,
125,Sunlight,Sunlight,,,
127,Dreamer,Dreamer,,,
128,ITINEO,ITINEO,,,
129,Rapido,Rapido,,,
130,Leisure Pods Ltd,Campod Caravans,,,
134,Compass,,,,
141,Knaus Tabbert AG T@B,T@B,,,
144,Wingamm,Wingamm,hayley@hvemarketing.co.uk,Hayley Edgar,
161,Freedom Caravans,Freedom,,,
168,Mink Camppers EHF,Mink,,,
177,Jöbl Design,Jöbl,,,
181,Murvi,Murvi,rex@murvi.co.uk,Rex,
182,RS Motorhomes,RS Motorhomes,,,
183,Iveco Daily,,,,
184,DAF,,,,
186,Jans Lifestyle,Jans Lifestyle,joe.mcilvenny@janslifestyle.co.uk,Joe Mc Ilvenny,
187,Trigano,Silver,info@threeshiresleisure.co.uk,Ivan Reed,
188,Volkswagen,,,,
189,CampervanCo,CampervanCo,,,
190,Toyota,,,,
195,La Mancelle,La Mancelle,,,
196,Eriba,Eriba,Emma.Hughes@erwinhymergroup.co.uk,Emma Hughes,
210,MOTO-TREK LIMITED,Three Peaks,,,
212,Auto-Sleepers Limited,Auto-Sleepers,,,
219,KAKTUS,Kaktus,,,
220,MAN TGE,,,,
221,Panama,Panama,,,
222,Trigano,Mini Freestyle,,,
225,McLouis,Fusion,,,
226,McLouis,Baron,,,
227,McLouis,McLouis,,,
228,Swift Group Ltd,Bessacarr,,,
229,Roller Team,Roller Team,,,
233,Elnagh,Elnagh,efranklin@marquismotorhomes.co.uk,Emma Franklin,
234,Elddis (EHG UK),Xplore,,,
235,Vanlife Conversions,Vanlife,,,
236,Benimar Ocarsa S.A.U.,Benimar,,,
237,Eura Mobil,Eura Mobil,,,
243,AURA,AURA,mikelake.office@gmail.com,Mike Lake,
245,EHG UK Ltd,Xplore,,,
246,EHG UK Ltd,Elddis,,,
247,EHG UK Ltd,Buccaneer,,,
248,ONYX Vans,ONYX,,,
249,Landseer,Landseer,,,
250,VANTourer,VANTourer,,,
251,Out and About Campers,Out & About Campers,,,
252,Knaus Tabbert AG,Weinsberg,,,
253,Leisure Pods Ltd,Campod,,,
255,Robeta,Robeta,,,
258,RP Motorhomes,RP Motorhomes,info@rpmotorhomes.com,Steve Yeadin,
259,Volkswagen,Volkswagen,,,
260,Citroën,Citroën,,,
261,Joa by Pilote,Joa by Pilote,,,
264,Swift Group Ltd,Ace Motorhomes,,,
265,Mega Mobil,Mega Mobil,,,
266,Westfailia,Westfalia,,,
267,Tourne Mobil,Tourne,,,
268,Fifth Wheel Co,Fifth Wheel Co,,,
270,Mink Campers,Mink,,,
271,Maverick Outdoors,Maverick Outdoors,,,
272,Mercedes-Benz,Mercedes-Benz,,,
273,Dovra Group AB,Dovra,,,
274,Airstream,Airstream,,,
275,Jöbl Design,Jöbl Campervan,,,
